PIDN,Ca,P,pH,SOC,Sand
09gt9UK5,0.006442035241403718,-0.014523552138350397,-0.1327250443730162,0.021232182776107278,0.42427075981791645
0BVvxJ6a,0.006442035241403718,-0.014523552138350397,-0.40957346493987085,0.2468093628911554,-0.47376345445623297
0KbdgApg,0.006442035241403718,-0.014523552138350397,-0.8637963485170355,0.21103696530979588,-0.07835939864936801
0MnuuduB,0.006442035241403718,-0.014523552138350397,-0.6370095007714904,1.3085407811969119,-0.6891596799992081
0PcIsF9z,0.006442035241403718,-0.014523552138350397,-0.379316919878704,0.649793907006609,-0.1686981079014347
0ShTFLYJ,0.006442035241403718,-0.014523552138350397,-0.07491930475178589,0.638986548487851,0.1687699209414838
0XZh9jka,0.006442035241403718,-0.014523552138350397,-0.7787444104388423,2.0449103610250545,-1.2545175551161933
0Y7Wegri,0.006442035241403718,-0.014523552138350397,-1.1647038405251613,-0.18687056596037221,-0.029156433101979184
0dTqplIM,0.006442035241403718,-0.014523552138350397,-0.35285335242490656,0.5000482438046756,-0.5832988569177318
0lNiZicC,0.006442035241403718,-0.014523552138350397,0.4898262504592788,1.718181346105077,0.0738347132653468
0rGeJ0QN,0.006442035241403718,-0.014523552138350397,-1.0424820808460589,0.7711563589131272,-0.12741675679158465
0sXI9ytQ,0.006442035241403718,-0.014523552138350397,0.08820817081648108,0.08969927615135465,1.567390642609274
0ukt4aP6,0.006442035241403718,-0.014523552138350397,0.015489687012850183,1.8467974214638616,0.020494430723393853
1AGspb8f,0.006442035241403718,-0.014523552138350397,-0.6461383401572061,0.2539337771761345,-0.04211401978408183
1Csy0gvE,0.006442035241403718,-0.014523552138350397,-0.39746839818176416,-0.2776209306439781,1.0513950797490792
1Ic2hly1,0.006442035241403718,-0.014523552138350397,-0.5522882969103844,0.32738484924756417,-0.1665193299198392
1PPbaTwt,0.006442035241403718,-0.014523552138350397,-0.3264565874201135,0.012985750147488373,0.16309116462069706
1SO5VJNy,0.006442035241403718,-0.014523552138350397,-0.4170731172511207,0.05994055184925018,0.38961078470517474
1arHxK3Y,0.006442035241403718,-0.014523552138350397,-0.08132622259229708,0.6904454339506194,-0.35059693451680174
1fCW4Bba,0.006442035241403718,-0.014523552138350397,-0.4832959481716399,0.6816180588617495,-0.03554911857864862
1qDZNvIm,0.006442035241403718,-0.014523552138350397,-0.48840015564305167,-0.36611319966911926,0.8189929440417426
28LYJC2V,0.006442035241403718,-0.014523552138350397,-0.7528374205579099,0.2757950788004784,-0.6519010005445159
2CzACvQq,0.006442035241403718,-0.014523552138350397,-0.57723413974574,0.8593806379935778,-0.09471372210481135
2FT3crfv,0.006442035241403718,-0.014523552138350397,-0.47753429071081654,0.7336125490016168,-0.6092121314082695
2Fy2uHVg,0.006442035241403718,-0.014523552138350397,-0.7665738423134437,0.58641894245825,0.003159039639958394
2MkMEApm,0.006442035241403718,-0.014523552138350397,-0.3334619837879908,0.3965701275519422,0.13620143024011636
2NDGWEOe,0.006442035241403718,-0.014523552138350397,0.18439301502381397,1.0099373364075421,-0.274184278879956
2NyyCiqn,0.006442035241403718,-0.014523552138350397,-0.24058993977542795,-0.4085656475108712,0.3460074633822662
2QRzIb84,0.006442035241403718,-0.014523552138350397,-0.7286643956374466,0.31518126573985206,-0.11052977692812585
2QcbdrUZ,0.006442035241403718,-0.014523552138350397,-0.7146832888605086,0.04901543720410673,0.15537088313407718
2YgAimWK,0.006442035241403718,-0.014523552138350397,-0.31367895531011025,0.6282329856129316,0.33125449096519843
2cx85d9H,0.006442035241403718,-0.014523552138350397,-0.36900538039644654,0.07105183865614428,-0.09615962876340123
2homMXMV,0.006442035241403718,-0.014523552138350397,-0.3593396711771338,0.19043042503289342,0.016724830981371258
2ldLrUtq,0.006442035241403718,-0.014523552138350397,-0.40885668404938824,0.5333069921492337,-0.4450038936095442
2nsACW6G,0.006442035241403718,-0.014523552138350397,-0.4846290832488927,2.1881547379121544,-0.7303287184453435
2yMbVnWc,0.006442035241403718,-0.014523552138350397,-0.807216943308369,-0.3533198793847512,-0.4874268345917726
36r8sgGQ,0.006442035241403718,-0.014523552138350397,-0.4846211242210639,-0.1683969477797892,0.4955927843748969
3NXAXCl3,0.006442035241403718,-0.014523552138350397,-0.43668195952715283,1.762990489115722,-0.714446476748122
3QG0z6fl,0.006442035241403718,-0.014523552138350397,-0.5644316607696428,-0.30655698041507273,0.12956722120582692
3WS8R9qm,0.006442035241403718,-0.014523552138350397,-0.912994781120075,2.124053305219009,-1.3921680359450694
3fRLm8f5,0.006442035241403718,-0.014523552138350397,-0.1872354660193722,0.7053511375456369,0.13734555399415468
3mZhp1nQ,0.006442035241403718,-0.014523552138350397,-0.6909628931185775,-0.07559617802374596,0.11141070075395532
3pikJXRL,0.006442035241403718,-0.014523552138350397,-0.7994848631734585,1.638440329589896,-0.5616501631229518
3pxOEGHL,0.006442035241403718,-0.014523552138350397,-0.5502062097017203,-0.21242607226807653,0.46724649856511324
3ttdV3f5,0.006442035241403718,-0.014523552138350397,-1.0796740965111888,-0.12441041095225225,-0.47461306379076107
3v4X6Mfe,0.006442035241403718,-0.014523552138350397,-0.4142851229306622,0.6725786987618303,-0.4676989324029318
3wORuPiv,0.006442035241403718,-0.014523552138350397,-0.7586517979878828,0.5063484421509907,-0.7294502115662709
43EfrxZj,0.006442035241403718,-0.014523552138350397,-0.7592680784026689,0.26407131689771135,-0.42607451533703194
457Vwm21,0.006442035241403718,-0.014523552138350397,-1.050613853987561,-0.43823306103823134,-0.22616881816615209
46KNnOdx,0.006442035241403718,-0.014523552138350397,-0.6843472249051209,0.0811682917378922,-0.06491840802640733
47TwNsVC,0.006442035241403718,-0.014523552138350397,-0.7082365273219879,1.5784745439276548,-0.8782714288334978
49856RpO,0.006442035241403718,-0.014523552138350397,0.08723906016792393,0.403591915878448,-0.11653704229220666
4Ane1o2N,0.006442035241403718,-0.014523552138350397,-0.25573672258648195,0.19451026035489472,0.3639334660659396
4AyVUgSc,0.006442035241403718,-0.014523552138350397,-0.03146465550462081,1.1724537706995704,0.2790519760964808
4B1951On,0.006442035241403718,-0.014523552138350397,-0.5274649906880134,0.42929479185640185,0.007377406113269758
4OL39Teo,0.006442035241403718,-0.014523552138350397,-0.6590076761215435,0.2713445152359244,-0.45842492413165137
4eQ90eLY,0.006442035241403718,-0.014523552138350397,-0.6063118365923422,0.11909550041675687,-0.573841811480079
4o5jwMj8,0.006442035241403718,-0.014523552138350397,-0.38345950276821117,-0.2295233109376854,-0.09305404600057282
4vPgpl2c,0.006442035241403718,-0.014523552138350397,-0.5473323425459813,-0.16735253314762166,0.03838022865109578
51r9aA0d,0.006442035241403718,-0.014523552138350397,-0.2852157136256226,0.7970854464362123,0.09015156757424417
58SmeRoP,0.006442035241403718,-0.014523552138350397,-0.3383129697205175,0.6872084657055479,-0.559591010581933
5HJp1AXn,0.006442035241403718,-0.014523552138350397,-0.5785768556251518,0.21965460308236917,-0.43843517668373483
5MBZW7fx,0.006442035241403718,-0.014523552138350397,-0.24970099116331648,0.38399749074836964,-0.15768813111507618
5Nq3gHaP,0.006442035241403718,-0.014523552138350397,-0.6594501822483754,0.22382285330706608,-0.5875318314047221
5RmwFFK3,0.006442035241403718,-0.014523552138350397,0.4737175220102642,-0.9251422113181388,-0.6087328537401979
5Tu5Jbov,0.006442035241403718,-0.014523552138350397,0.2814165724236951,-0.7099507153611693,-0.5791959892869195
5YEolkev,0.006442035241403718,-0.014523552138350397,0.4905795356433282,-0.8268344367587022,-0.430981505392847
5a8sf6QV,0.006442035241403718,-0.014523552138350397,0.8415285040965685,-0.7837378339227735,-0.3588290482472196
5eSvmqYm,0.006442035241403718,-0.014523552138350397,0.4389936233595561,-0.5568305955892034,-0.07388517027525587
5hkN8fiv,0.006442035241403718,-0.014523552138350397,-0.537669452862596,-0.6840795209002403,-0.3848782243349158
5oK8Gti5,0.006442035241403718,-0.014523552138350397,0.5637132304433851,-0.7600449693141011,0.4253820255929027
5paniGaU,0.006442035241403718,-0.014523552138350397,0.24763882595503844,-0.953458258089885,2.376796517207614
5vsr7ZUP,0.006442035241403718,-0.014523552138350397,1.032965340246858,-0.8140693122320272,-0.411558749583485
60B4xMWI,0.006442035241403718,-0.014523552138350397,1.4448067513835037,-0.7547339110787481,-0.11355563320806478
64jOUtKy,0.006442035241403718,-0.014523552138350397,0.9411334158643833,-0.8941170734820696,-0.378499517869894
6AJo4xNG,0.006442035241403718,-0.014523552138350397,0.3907014616801794,-0.8177258081512944,-0.4974106653635663
6CAvhEte,0.006442035241403718,-0.014523552138350397,0.7894207749881701,-0.8533596444552289,0.296673162022978
6CuGYjT5,0.006442035241403718,-0.014523552138350397,1.7970952029899183,-0.7740026524629096,-0.5254505545217303
6DGH8ujZ,0.006442035241403718,-0.014523552138350397,-0.43713854683605746,-0.7013813764139176,0.036965764048498884
6PzsGdVm,0.006442035241403718,-0.014523552138350397,-0.3409675827185638,-0.744010457990792,-0.27861618092393153
6UcSJMbq,0.006442035241403718,-0.014523552138350397,1.6486557761520615,-0.8352797870770077,-0.23845614298034828
6WJbkH8U,0.006442035241403718,-0.014523552138350397,1.2753344547592098,-0.8581262711709888,-0.6245956453523003
6eUWsVzw,0.006442035241403718,-0.014523552138350397,0.6388438003739292,-0.93013337311144,-0.20142165473571153
6gNyO7Do,0.006442035241403718,-0.014523552138350397,0.797871497809229,-0.8735320502758865,-0.2832736940380148
6jT0AyHe,0.006442035241403718,-0.014523552138350397,0.7339133896787939,-0.8837745684523302,-0.4227683404059285
6nBgCvWu,0.006442035241403718,-0.014523552138350397,0.6994464738264934,-0.8556778824584476,0.4962437552910087
6ro5mqg6,0.006442035241403718,-0.014523552138350397,-0.15251911500452286,-0.9246489536296029,0.7692907191497381
6sGqObX4,0.006442035241403718,-0.014523552138350397,0.48463373522205455,-0.730049780187445,-0.3902537912433927
6uEGy0n4,0.006442035241403718,-0.014523552138350397,0.9233506214498168,-0.8513419965959389,-0.6037723601518433
7BZ4LxP8,0.006442035241403718,-0.014523552138350397,0.7773065398843946,-0.7911085114834455,-0.23724198156494125
7CmigXKi,0.006442035241403718,-0.014523552138350397,0.7274124049716975,-0.8886463168652116,0.14650761202522627
7Ga0LpfR,0.006442035241403718,-0.014523552138350397,0.9945993134815839,-0.9329612815522004,-0.6126035706810666
7PQsFvsG,0.006442035241403718,-0.014523552138350397,-0.5516594912403169,-0.8032445898191969,-0.4975699043559029
7aF7nnwn,0.006442035241403718,-0.014523552138350397,-0.3119347622303807,-0.398669110429663,0.45137549489752643
7asGzfX9,0.006442035241403718,-0.014523552138350397,0.7351089079973734,-0.8424768500756126,-0.3843373462563485
7cg7C92o,0.006442035241403718,-0.014523552138350397,0.35543581101669147,-0.49037757656371617,-0.3113031466745618
7eOxTpsB,0.006442035241403718,-0.014523552138350397,0.050687995674226105,-0.8502500297487734,0.24545745375314304
7ey0v7ma,0.006442035241403718,-0.014523552138350397,-0.26362515920857654,-0.16359094929701234,-0.6457314612555753
7gocyrYl,0.006442035241403718,-0.014523552138350397,-0.03040731054717538,-0.6268285298550231,-0.4544920583947385
7gqR3GoA,0.006442035241403718,-0.014523552138350397,0.12511618677246622,-0.6009703674659745,0.0577118468367204
7og7aUXB,0.006442035241403718,-0.014523552138350397,0.5265830594891405,-0.6894166038605816,-0.5360963629689951
7onRfa8F,0.006442035241403718,-0.014523552138350397,0.2245155550175596,-0.484767552540486,0.22081924350889956
7umkNuxM,0.006442035241403718,-0.014523552138350397,-0.18268713519036728,-0.7112688495512053,-0.36358378496990307
7vPr9ExD,0.006442035241403718,-0.014523552138350397,0.10976838666342131,-0.4809733256412321,-0.10582488283288838
7zNjpCzu,0.006442035241403718,-0.014523552138350397,-0.22792837556460396,-0.30223621976353465,-0.3504485302064996
7ztsQNj3,0.006442035241403718,-0.014523552138350397,0.02096738908995066,-0.46632336319813705,-0.19161965023458233
86gppwMI,0.006442035241403718,-0.014523552138350397,0.1027159032519902,-0.7683643970126466,-0.1686395824159415
88thAGdL,0.006442035241403718,-0.014523552138350397,0.1351160399108823,-0.7191368666669808,0.13468336110445572
8GhU8STP,0.006442035241403718,-0.014523552138350397,0.3623347051698759,-0.20030400551562966,-0.5045557254881475
8NlzDcWe,0.006442035241403718,-0.014523552138350397,0.09022930084572545,0.01639615024346064,0.2320935680986368
8QAejdLW,0.006442035241403718,-0.014523552138350397,0.5189557075741593,-0.7099862031878715,-0.3688502654029994
8RDeFxWM,0.006442035241403718,-0.014523552138350397,-0.14654916753250918,-0.8172008417018882,0.734974111261591
8UXP2NBS,0.006442035241403718,-0.014523552138350397,-0.05931117166083302,-0.6056738983079366,0.14005829970049474
8ZoV3KGT,0.006442035241403718,-0.014523552138350397,0.45007468281029883,-0.7023388714351613,-0.15828659677414186
8ajs2uG8,0.006442035241403718,-0.014523552138350397,-0.08010173644377439,-0.6656896487656074,-0.5432767461931428
8bXnz62p,0.006442035241403718,-0.014523552138350397,0.7431402303199376,-0.7468632836000305,-0.1854479008393246
8nO1O1LG,0.006442035241403718,-0.014523552138350397,1.1532266699796287,-0.4915228144384125,-0.5528145102174975
8xE1p8g8,0.006442035241403718,-0.014523552138350397,0.2191719396439068,-0.5211379862707896,-0.6230365763435496
8yMDVMRM,0.006442035241403718,-0.014523552138350397,-0.23887472665927878,-0.6576017168471449,-0.3633895022214779
98R5VaPi,0.006442035241403718,-0.014523552138350397,0.4919276247032343,-0.6071621299664435,-0.06179734806359055
9DcTz2Ua,0.006442035241403718,-0.014523552138350397,0.6401781021669477,-0.4958671221943578,-0.4365123009945481
9G7nfUrK,0.006442035241403718,-0.014523552138350397,0.25077357067218803,-0.7558721727749751,-0.08531185871841981
9O6GZ1HT,0.006442035241403718,-0.014523552138350397,0.5626578014398835,-0.6381781260374972,-0.17739262477131137
9S7fCoAM,0.006442035241403718,-0.014523552138350397,0.09817301892734273,-0.6603650586108734,0.13700044154181346
9iQwmFJR,0.006442035241403718,-0.014523552138350397,0.3971388908948139,-0.69352679317239,-0.3277703489192787
A3Mt6SAQ,0.006442035241403718,-0.014523552138350397,0.43339487125001686,-0.44228728449303933,-0.10418815533153683
AJIsQIcV,0.006442035241403718,-0.014523552138350397,0.2983514243410688,-0.6737635043236503,-0.06961084131694345
AMHKXMh8,0.006442035241403718,-0.014523552138350397,-1.0928731585960294,1.817539600196013,-0.5454468052962664
ASwA2J4E,0.006442035241403718,-0.014523552138350397,-0.6051629944967771,-0.2122513125018235,0.12473126215937962
AaFvEoHq,0.006442035241403718,-0.014523552138350397,-0.7791709284318602,-0.7090645598121477,-0.5268882021571919
AiIPD6hX,0.006442035241403718,-0.014523552138350397,-0.7634554217622572,-0.2066848642488015,-0.8213872607519883
AsIURvJS,0.006442035241403718,-0.014523552138350397,-0.7135935489463894,-0.08389531943784234,-1.0267329386432256
AsvgbJ0C,0.006442035241403718,-0.014523552138350397,-0.6032970530681284,-0.009715920296369362,-0.6063941034552237
AxEhbkCM,0.006442035241403718,-0.014523552138350397,-1.2862896026401887,-0.26067496608152674,-0.5771127218015946
B7VPkIpx,0.006442035241403718,-0.014523552138350397,-0.7832180122565611,0.6462255208616396,-0.40695084358572065
BBwHqHiH,0.006442035241403718,-0.014523552138350397,-0.9324282077957651,-0.5460921406317629,-0.9214691986248946
BMyps8hr,0.006442035241403718,-0.014523552138350397,-0.4822895688101114,0.44305600833610037,-0.7421488348999952
BUHS4dQw,0.006442035241403718,-0.014523552138350397,-0.5691839953761682,-0.06272269933778274,-0.8833051978470673
BZB3EYWQ,0.006442035241403718,-0.014523552138350397,-0.48142327314063454,-0.6181711357958231,-0.03227278191044286
C5UPCZcL,0.006442035241403718,-0.014523552138350397,-1.079369823285009,-0.30231101055580856,-0.7247613127353216
C5gIfQbJ,0.006442035241403718,-0.014523552138350397,-1.3806354253994826,-0.10272745367817149,-1.3328493173187006
CDRuu4Pn,0.006442035241403718,-0.014523552138350397,-0.4151309589807505,-0.08490972135163322,1.1459425753407553
CQhTYkqE,0.006442035241403718,-0.014523552138350397,-1.0645312567497636,-0.276133870592953,-0.861294366300857
CSEobMXv,0.006442035241403718,-0.014523552138350397,-1.2781879909342495,0.09290826864906765,-1.0885093189802664
CYMQE4x0,0.006442035241403718,-0.014523552138350397,-1.19768883576636,0.34629149912083323,-0.3005997841329232
ChQdtl4J,0.006442035241403718,-0.014523552138350397,-1.107825254566709,-0.5949715343920672,-0.5021238084240083
ChnD1nrN,0.006442035241403718,-0.014523552138350397,-0.4723831740103629,1.7894569305077797,0.3122452072383876
CvtbbIcq,0.006442035241403718,-0.014523552138350397,-1.0008740489965977,1.5174168274475264,-0.5490341751888218
Cxk06b77,0.006442035241403718,-0.014523552138350397,-0.8758188430876437,0.044765335769115344,-0.8214566600024837
D3QD3ZEJ,0.006442035241403718,-0.014523552138350397,-0.47267800926314507,-0.32823548843730455,-0.1678998075767969
D8J5C6lA,0.006442035241403718,-0.014523552138350397,-0.7966576388119775,0.6396219582859393,-0.7004199553087131
DCeQwYfT,0.006442035241403718,-0.014523552138350397,-1.128321648627731,0.14466983904280228,-0.6085449898447255
DDEftkx3,0.006442035241403718,-0.014523552138350397,-1.0366085307485342,-0.7672576472045349,1.1492355325465147
DEwCfeDW,0.006442035241403718,-0.014523552138350397,-0.5398505200824298,-0.25552262385051494,-0.5420916095259881
DMkIV4oL,0.006442035241403718,-0.014523552138350397,-0.9754570289675093,-0.5727377767660198,0.139650179347508
DnzGfbxS,0.006442035241403718,-0.014523552138350397,-0.6413995593127717,0.16335540826310013,-0.8843547477024563
DoZxo6f6,0.006442035241403718,-0.014523552138350397,-0.7595083203159461,-0.6037172918332594,-0.3910283450212358
DvhBPGIk,0.006442035241403718,-0.014523552138350397,-0.2576173023813334,-0.17031778023567357,-0.5004864690471486
Dx7GoUcT,0.006442035241403718,-0.014523552138350397,-0.972927012739242,-0.6579320964688281,0.11475505275772094
E5hIjohO,0.006442035241403718,-0.014523552138350397,-0.825859974369966,-0.11237134128919912,-0.6544547218152958
E6x4XGHt,0.006442035241403718,-0.014523552138350397,-0.4793432155303836,-0.4132902328412199,0.30874659256717907
EDEpAzh1,0.006442035241403718,-0.014523552138350397,-0.9986675975455002,0.10603415064778687,-0.5914392985606747
ETGudkQt,0.006442035241403718,-0.014523552138350397,-0.6156693059944953,-0.0398217307285651,-0.0682006120296209
EUleKrLJ,0.006442035241403718,-0.014523552138350397,-0.7262469558988989,-0.06864231288613976,-0.19918294895087058
Ehw2Jz6s,0.006442035241403718,-0.014523552138350397,-0.08831423773003186,-0.3587294228071236,0.029364246025175234
EjqzC4zH,0.006442035241403718,-0.014523552138350397,-0.4336927820980799,0.1648287224723557,0.17005433161509337
EkMZO3Qj,0.006442035241403718,-0.014523552138350397,-0.8902208094640287,-0.09258509163511397,-0.03404302548232398
EnoNXWvU,0.006442035241403718,-0.014523552138350397,-0.4519456019279668,-0.23803965055460752,-0.22875748810987362
Epv8ANwr,0.006442035241403718,-0.014523552138350397,0.12167031994534427,-0.3195967592109731,0.16435131385303833
Etro9j0B,0.006442035241403718,-0.014523552138350397,-0.5846734439895094,-0.29596608673246827,-0.1588479270335582
F3MIZj76,0.006442035241403718,-0.014523552138350397,-0.7691647235648693,0.08316167148470566,-0.1991289467103157
FB8tU00K,0.006442035241403718,-0.014523552138350397,-0.7521693916155454,0.13887260115463107,-0.008093675680047041
FLhxBGMK,0.006442035241403718,-0.014523552138350397,-1.1577366880229352,-0.3343502973842737,-0.43014155573979695
FRreR8ka,0.006442035241403718,-0.014523552138350397,-0.9268321758933407,-0.3017864435049026,0.17215587140782657
FXne4oAV,0.006442035241403718,-0.014523552138350397,-0.4483841053070741,-0.4126912543075739,-0.3029918211922512
FaW764jk,0.006442035241403718,-0.014523552138350397,0.034873355396843574,-0.18144986351417236,-0.1716194826758634
FeAbMXly,0.006442035241403718,-0.014523552138350397,-0.6418439228773207,-0.5577974286068057,0.4644774958165064
FeudaFXn,0.006442035241403718,-0.014523552138350397,-0.13420618683069918,0.5045437898532907,-0.428401388027569
FldUmFeM,0.006442035241403718,-0.014523552138350397,-0.7990555107320384,-0.29450551808749803,0.006490277267169192
Fnv5tfAm,0.006442035241403718,-0.014523552138350397,-1.0130223040917934,-0.10143524597812803,-0.1360514301228395
FvrAd3Or,0.006442035241403718,-0.014523552138350397,-0.6282582249444457,-0.3541896482042831,-0.014470827719732654
G48zHffi,0.006442035241403718,-0.014523552138350397,-1.1900120969298236,-0.3208804716307587,0.13582242751631995
G76zCv5N,0.006442035241403718,-0.014523552138350397,-0.6871131434472063,-0.06633327298972969,0.192973359519488
G7JGUdNf,0.006442035241403718,-0.014523552138350397,-0.37955329455400927,-0.40637962587500975,-0.050346930949101545
GCo6MONx,0.006442035241403718,-0.014523552138350397,-0.17588574228150344,-0.36379569268958944,-0.32970574080496196
GE0vbpVQ,0.006442035241403718,-0.014523552138350397,-0.7298399822071804,-0.1996607893322978,0.09754380989757289
GN0DfOqt,0.006442035241403718,-0.014523552138350397,-0.6328194743920101,0.13053562529108342,-0.18564614174471505
GNsTAb1v,0.006442035241403718,-0.014523552138350397,-0.4861744858639449,0.8720590725785495,-1.0724686553849392
GPwmO21z,0.006442035241403718,-0.014523552138350397,-0.5474497415840266,0.19278239777537998,-0.5447256725103659
GQYpfLoh,0.006442035241403718,-0.014523552138350397,-1.099150870243127,-0.24246009676468894,-0.5429576325587868
GR9knT8n,0.006442035241403718,-0.014523552138350397,-0.5281478092101705,1.0535856731217237,-0.06808150446625869
GXtFFbZy,0.006442035241403718,-0.014523552138350397,-0.598322577645713,-0.08004484288371627,-0.18832974318725967
GYvzvvFD,0.006442035241403718,-0.014523552138350397,-0.5103657251873612,-0.5976792479270328,0.12097753538437321
GemPjTJ9,0.006442035241403718,-0.014523552138350397,-0.48311703195344624,-0.46517591229629784,-0.17023500378964534
GkLYRm1K,0.006442035241403718,-0.014523552138350397,-1.0270649497229305,0.8959573908801539,-0.19973371197447698
GmlqP8eI,0.006442035241403718,-0.014523552138350397,-1.1214476591257245,-0.18176096247237927,0.02823490371522902
GqkIrOvf,0.006442035241403718,-0.014523552138350397,-0.7067550902589435,-0.43122571715220437,-0.3991432449090918
H0fsegPi,0.006442035241403718,-0.014523552138350397,-0.7518108791649645,-0.18783019128792633,0.23519708622750432
H4dHpJjU,0.006442035241403718,-0.014523552138350397,-1.4428708430621278,-0.13413499124181605,-0.477396029622151
H5QwJCuU,0.006442035241403718,-0.014523552138350397,-0.4364812701211813,0.6767904050666904,-0.2747296141929403
H5uwmSZ0,0.006442035241403718,-0.014523552138350397,-0.4583903045005673,-0.5244744008323974,0.22457830807434967
H8MtbVoL,0.006442035241403718,-0.014523552138350397,-0.8416089390460745,-0.582669570166976,-0.05848589191596042
H9JrUYnp,0.006442035241403718,-0.014523552138350397,-0.45806132035238045,-0.5295829922939272,0.051826293561157206
HHYmmHVk,0.006442035241403718,-0.014523552138350397,-0.39976516252365224,-0.5199124210751731,1.5804063800143757
HJ5U4uqL,0.006442035241403718,-0.014523552138350397,-0.7005151485858174,-0.6398529162948035,0.15987459801127799
HNQxYc4w,0.006442035241403718,-0.014523552138350397,-0.5811882802877526,-0.22658471983411843,0.23829218506114463
HQYhKHZ8,0.006442035241403718,-0.014523552138350397,-0.5882566684860674,-0.18683031478263445,0.023363742831155776
HSCMx0MC,0.006442035241403718,-0.014523552138350397,-0.32776336780169424,-0.6499228653960392,0.9874214979612567
HXYuE0fx,0.006442035241403718,-0.014523552138350397,-0.2352005574279563,0.7460789687857845,-0.3074632162328535
HdKcxEWr,0.006442035241403718,-0.014523552138350397,-0.5221531368778564,-0.07581850628840392,-0.19628336519325976
HecW1iCC,0.006442035241403718,-0.014523552138350397,-0.4796553546051693,0.03808000328158956,-0.4880526288038055
HpbKB8rv,0.006442035241403718,-0.014523552138350397,-1.0982392300269175,0.8483963042654028,-0.31919449510147924
HrkoYjCg,0.006442035241403718,-0.014523552138350397,-0.5082774918489713,-0.012038893347769641,-0.4160810543496418
I5P2uquT,0.006442035241403718,-0.014523552138350397,-0.7682144927201324,-0.01654586866082508,3.9048747557557384e-05
I94qkDM7,0.006442035241403718,-0.014523552138350397,-0.5400983960420002,-0.5030787566132409,0.042743730023927784
I9sQbtt8,0.006442035241403718,-0.014523552138350397,-0.6624675350812421,0.04199203663844342,-0.21870000538350512
IFxgw6ZX,0.006442035241403718,-0.014523552138350397,-0.5252575223871682,-0.3099128023596589,-0.19011461825624867
IPPPSyoU,0.006442035241403718,-0.014523552138350397,-0.5352072946735509,-0.32443553330391506,0.16364288693338383
IQOYQubU,0.006442035241403718,-0.014523552138350397,-0.8500606899024393,0.41580226022778777,-0.11779264024298224
IYNE2SxU,0.006442035241403718,-0.014523552138350397,-0.7507145796484421,0.16046717430310742,-0.09108288289557237
IZRFk9kN,0.006442035241403718,-0.014523552138350397,-0.4730602704891147,-0.02238712978051871,-0.03950939057086196
Iaq3v0t3,0.006442035241403718,-0.014523552138350397,-0.8836176257750853,1.515919383103689,0.11779463558187155
IbVwu1t6,0.006442035241403718,-0.014523552138350397,-0.6904587238618024,0.030162287431899415,0.23646450262891136
IcHKTLyo,0.006442035241403718,-0.014523552138350397,-0.04207642193207339,-0.40321964136007515,0.07793632417759765
IpW80wVB,0.006442035241403718,-0.014523552138350397,-0.028699055425449593,0.043688419535983014,0.28280777053394934
Itb0PYUV,0.006442035241403718,-0.014523552138350397,0.41599095606309744,0.7334647935898126,-0.2753252638264506
J8fpSwS0,0.006442035241403718,-0.014523552138350397,0.07804549209043854,-0.6215556963332132,0.25516034150791217
JE1SlbD0,0.006442035241403718,-0.014523552138350397,-0.10925841562923642,-0.05610484263578508,-0.4452185860467619
JEB4McNb,0.006442035241403718,-0.014523552138350397,-0.23291645776702846,-0.09338127060297186,-0.2568887132469835
JEE4QVeQ,0.006442035241403718,-0.014523552138350397,-0.26120994917844786,-0.26331531389562,-0.0037787122502924153
JJSEU2VQ,0.006442035241403718,-0.014523552138350397,-0.24421840499855013,-0.6654964432034047,1.3123235422091786
JSsVriP2,0.006442035241403718,-0.014523552138350397,0.10286485947006267,-0.2147309772195205,0.22869417568692585
JUvQNiOK,0.006442035241403718,-0.014523552138350397,0.08100070348060288,0.16763514287876635,0.3335361281155695
JZbrRtm2,0.006442035241403718,-0.014523552138350397,0.08710867305246223,0.06965272089677632,-0.06305230407326902
JcE9G92B,0.006442035241403718,-0.014523552138350397,-0.1857872097243401,-0.03213036005678738,-0.5005805325221765
JnNYpXHr,0.006442035241403718,-0.014523552138350397,-0.14198488068429,-0.4014380918125191,-0.1451574896923437
JzpbnOtz,0.006442035241403718,-0.014523552138350397,-0.1332676324385694,-0.6702053043428811,0.3458571556616535
JzzUhPQp,0.006442035241403718,-0.014523552138350397,-0.14726880870610828,0.7390951926814229,-0.24393247033365795
K05R8dQK,0.006442035241403718,-0.014523552138350397,-0.31739582164797175,-0.20236705985387726,-0.21561685887536947
K17pG2mG,0.006442035241403718,-0.014523552138350397,-0.17334709410811527,-0.5350639597558817,0.396182453754625
K8BellUe,0.006442035241403718,-0.014523552138350397,0.02311787040445501,-0.05169478973467956,-0.44827287711977887
KJ2eH6rr,0.006442035241403718,-0.014523552138350397,0.15216217409806423,0.27190225366037013,-0.890825281583319
KJEJ6Glk,0.006442035241403718,-0.014523552138350397,0.22526825784689852,-0.14890212857877438,-1.090096875777023
KSbO0oXS,0.006442035241403718,-0.014523552138350397,-0.07152154247331105,-0.21199414200530897,-0.2814402141593932
KXtvmd01,0.006442035241403718,-0.014523552138350397,-0.03739490312499644,-0.41491776186082363,0.644049818273702
KYiJqBuJ,0.006442035241403718,-0.014523552138350397,-0.0841722941860697,-0.27858888252193637,0.04736673755276366
KmbAyTcE,0.006442035241403718,-0.014523552138350397,-0.050804571681228136,-0.01694440094775629,-0.213319934848301
KnNyl3rV,0.006442035241403718,-0.014523552138350397,0.005971718641907112,-0.08487300128673936,0.4889021042237929
Kp2DG8TZ,0.006442035241403718,-0.014523552138350397,0.28149081603321285,0.4219398088645152,0.13448078701622573
KqQtKWs5,0.006442035241403718,-0.014523552138350397,0.1771694337802229,1.2302939886618303,0.4045477771267657
Ku27g63R,0.006442035241403718,-0.014523552138350397,0.4057398671560499,0.31270603568808997,-0.3764895458951111
L2aTVqDq,0.006442035241403718,-0.014523552138350397,0.01511362458421961,0.2017962745620836,0.051228669227712825
L5jvq6G4,0.006442035241403718,-0.014523552138350397,0.2931667721799641,1.1311854865483735,0.37553134225920687
L91hYVQl,0.006442035241403718,-0.014523552138350397,0.26870842572629206,3.3603172752159463,0.35426968860729047
LINAMlbA,0.006442035241403718,-0.014523552138350397,-0.21517757597937953,-0.6069204832047184,0.011347005687143641
LJoUNXSx,0.006442035241403718,-0.014523552138350397,-0.3278889908880784,3.0284707809691236,0.07574670392958033
LLtSiyWD,0.006442035241403718,-0.014523552138350397,-0.5165438909506884,0.3714349009961968,0.3601412658298375
LQJtV8kn,0.006442035241403718,-0.014523552138350397,-0.20727430097229604,-0.25013557374179696,-0.5568699509543548
LW9uddw7,0.006442035241403718,-0.014523552138350397,-0.38250759821980707,3.638414462122193,-0.7935699242958747
LZ6sdBTR,0.006442035241403718,-0.014523552138350397,-0.039411101054495475,0.6855665860705138,-0.1813869074788721
La2Vhnne,0.006442035241403718,-0.014523552138350397,-0.23638003930276294,0.0286347250097696,-0.39827969007968594
LaUWSq9B,0.006442035241403718,-0.014523552138350397,-0.0837323581367074,1.9052838721473724,-0.6543749745323781
Lk4SfkPQ,0.006442035241403718,-0.014523552138350397,-0.12655275863497994,2.970531507320984,-0.7763869364639125
LllC836d,0.006442035241403718,-0.014523552138350397,-0.3609279374493164,-0.10491154961542248,0.2540360657076895
LuGiGeWN,0.006442035241403718,-0.014523552138350397,-0.37355013710832663,-0.5304443732888038,-0.06860587482054123
LzcyHcWa,0.006442035241403718,-0.014523552138350397,-0.20063360016406726,-0.5090320128847938,0.8777423448858627
M7veP0H4,0.006442035241403718,-0.014523552138350397,-0.10766555632899444,-0.017380451988034396,-0.05580869072331188
MB8aaJUc,0.006442035241403718,-0.014523552138350397,-0.1013505638917051,3.8626834387416835,0.15182691357466235
MDpe2zuy,0.006442035241403718,-0.014523552138350397,-0.3272216487753163,0.5477832903320856,-0.1320990884552344
MEzdmEIU,0.006442035241403718,-0.014523552138350397,-0.17681825792075992,1.0413805209009803,-0.027822339706772725
MVnhtivm,0.006442035241403718,-0.014523552138350397,-0.1921245696349444,0.8959147185579863,-0.47452385632672334
MYU7WDis,0.006442035241403718,-0.014523552138350397,-0.01931502583738161,1.24335598022651,0.29259808635996937
MZFqh6yw,0.006442035241403718,-0.014523552138350397,-0.24859824436284195,-0.004997912438605034,0.026217703843444698
Mdgy4SsO,0.006442035241403718,-0.014523552138350397,-0.09661153380791526,-0.12106172120032399,-0.8819234682963193
Mj8awnzy,0.006442035241403718,-0.014523552138350397,-0.031022557255637167,0.4972730841826305,0.5954264953514569
MpFPbUJy,0.006442035241403718,-0.014523552138350397,0.033036290370383956,0.46299228011303706,-0.648274011445674
Mqk7MFBM,0.006442035241403718,-0.014523552138350397,-0.13969476616593848,0.40188628582232644,-0.22135120461186122
Mqs2t1Eo,0.006442035241403718,-0.014523552138350397,-0.13632334495693138,1.4921142975093398,-0.6148799932095196
Mv3jFVxp,0.006442035241403718,-0.014523552138350397,-0.0018380811711899425,0.8062177039302945,0.03973714944010204
MxODTXvA,0.006442035241403718,-0.014523552138350397,-0.3374778850345591,-0.4628169032032311,-0.781298875850326
N46PbpPM,0.006442035241403718,-0.014523552138350397,-0.33121121962054917,-0.7409567760648195,0.7591807961680259
N5S5F9Gk,0.006442035241403718,-0.014523552138350397,-0.33501187551520695,-0.5332881824841649,-0.23179279222663196
NLDg5fqw,0.006442035241403718,-0.014523552138350397,0.26509413135319654,0.14082905438195903,-0.16869301387842633
NOho2ZiM,0.006442035241403718,-0.014523552138350397,0.07970472483649264,0.40718559736936144,-0.4512786921081714
NUuY7PFU,0.006442035241403718,-0.014523552138350397,0.25474540200138235,0.38185493485817235,-0.6919595627106314
NV1e8AEO,0.006442035241403718,-0.014523552138350397,-0.18553100775253945,-0.5244122911746587,0.5639842851819566
NZLXROKC,0.006442035241403718,-0.014523552138350397,-0.259590878897946,-0.1738425436992126,-0.5611654080940105
NaJo7C6o,0.006442035241403718,-0.014523552138350397,1.142821829106176,-0.6631296755282994,-0.26526948605788864
NgsyGkrO,0.006442035241403718,-0.014523552138350397,0.7199356647785813,-0.6952792544979342,-0.6554287135290535
NjOx4Zpo,0.006442035241403718,-0.014523552138350397,0.07300928605488044,-0.7431830400794468,-0.3921584560287002
NmQoI7x0,0.006442035241403718,-0.014523552138350397,0.9935048942991276,-0.39371459325802527,-0.15413079641425464
No4wkdLS,0.006442035241403718,-0.014523552138350397,0.57263135439175,0.03135361755729371,0.2351287141986152
NouMwhOf,0.006442035241403718,-0.014523552138350397,0.41156679436360566,-0.5223907366694573,-0.452533292468067
O6YAWd8C,0.006442035241403718,-0.014523552138350397,0.44195285342901736,-0.6320907308352464,-0.2738322365880349
OAXVphSh,0.006442035241403718,-0.014523552138350397,0.9156279303676332,-0.6453598369374413,0.24637252799216364
OJBBhb6Q,0.006442035241403718,-0.014523552138350397,0.3277317040422023,-0.02798540856246412,0.6649379389721859
OSIQXImL,0.006442035241403718,-0.014523552138350397,1.4694992848909663,-0.02843397916678536,-0.8240620980520181
OUUFc5Zz,0.006442035241403718,-0.014523552138350397,0.5200961292316788,-0.5972998609985208,0.20160482901132387
OVk1lquT,0.006442035241403718,-0.014523552138350397,1.436021147027564,-0.6281978360033662,-0.39148643470764816
OXdRxjzz,0.006442035241403718,-0.014523552138350397,0.14649866965099656,-0.4773081854434513,-0.34303091325121965
OXxW2ekf,0.006442035241403718,-0.014523552138350397,0.19951647316663923,-0.4696107346367675,-0.3759235884571298
OXz5OpqR,0.006442035241403718,-0.014523552138350397,0.7892172795371054,-0.5516384415946594,-0.23708260670746403
OcBFW1AX,0.006442035241403718,-0.014523552138350397,0.3790952646364913,-0.44582128773413776,-0.33062582666761803
Of9V2rpt,0.006442035241403718,-0.014523552138350397,1.4766990524597852,-0.460138970757785,-0.3531275474688589
OfLxPhbG,0.006442035241403718,-0.014523552138350397,1.5351052422484042,-0.44064570856358243,-0.2827433660075286
Ojx2vi48,0.006442035241403718,-0.014523552138350397,0.5410140633499905,0.7327087519962117,0.1573395348700305
P3M32iuT,0.006442035241403718,-0.014523552138350397,0.29322392784881113,0.04957532388426178,0.5489848766238793
P7olVzrO,0.006442035241403718,-0.014523552138350397,0.4454111759805709,-0.7847940260124937,-0.010492705878740072
PAPHErnv,0.006442035241403718,-0.014523552138350397,0.4800360774611856,-0.3932004628410496,-0.3644331553389527
PBjEtfXb,0.006442035241403718,-0.014523552138350397,0.8453054960190756,-0.5246276838480659,0.02170559710638531
PZGpoBBj,0.006442035241403718,-0.014523552138350397,2.062929969654109,-0.39638224263894273,-0.41907207143707115
Pc2RrxXS,0.006442035241403718,-0.014523552138350397,0.9045744816933295,-0.39147428733472733,-0.4208302083961137
PcHQ4FOu,0.006442035241403718,-0.014523552138350397,0.33267547877237813,0.10467583391030844,-0.3818912533376227
PeNyTOVN,0.006442035241403718,-0.014523552138350397,0.8903037178476645,-0.30847195389762183,-0.08413025644737188
PhUPSU53,0.006442035241403718,-0.014523552138350397,1.0144372824693104,-0.07490230189127989,-0.8089373595078806
PmUNeV2O,0.006442035241403718,-0.014523552138350397,0.6552644518223723,0.4647606629379051,0.03448778511747064
PoDJ0uvK,0.006442035241403718,-0.014523552138350397,1.747199942960479,-0.2610519123452343,-0.5090158142364931
PsUJdJdg,0.006442035241403718,-0.014523552138350397,0.9294455544863294,-0.2642435171406715,-0.3895161542867498
Q3xLFx1f,0.006442035241403718,-0.014523552138350397,-0.20043202420511702,-0.3139406402069149,-0.24617292311318595
QBGxCvdM,0.006442035241403718,-0.014523552138350397,-0.5320484429442286,-0.5345541458429943,-0.5122485639197191
QCEPyu6L,0.006442035241403718,-0.014523552138350397,-0.32192061332733235,-0.27573053545319015,-0.19190577273969606
QEfwec4s,0.006442035241403718,-0.014523552138350397,-0.11722205135228542,-0.07380300032980602,0.12275926320441077
QZ87Nnr3,0.006442035241403718,-0.014523552138350397,-0.32499236621747446,-0.4440936666240348,0.057466092479397754
QlyGN9jv,0.006442035241403718,-0.014523552138350397,-0.5343096820962441,-0.6354323462841422,0.06328727501176619
QqgWE1ny,0.006442035241403718,-0.014523552138350397,-0.5699445863516694,-0.39447437184797374,-0.4841169088354894
QrjjBpZd,0.006442035241403718,-0.014523552138350397,-0.2869522069771329,0.19578817738863208,-0.550752298244387
QsaBiX7V,0.006442035241403718,-0.014523552138350397,-0.5517008065526772,-0.4189999672440211,-0.48265849567021624
QtBKJuZk,0.006442035241403718,-0.014523552138350397,-0.1637956366437355,-0.31590579977060673,0.009662650175580045
QtPRO8OJ,0.006442035241403718,-0.014523552138350397,-0.4907031328532835,-0.6371705051761163,0.32265992796230847
R8XcsFnp,0.006442035241403718,-0.014523552138350397,-0.44576511028528054,-0.8120149073897378,0.13923621884761014
RROfRt9z,0.006442035241403718,-0.014523552138350397,-0.34733130709141874,-0.08022132155425188,-0.6850206336758812
RTcbiDGq,0.006442035241403718,-0.014523552138350397,-0.3342123224589373,-0.40661854620794413,-0.08465940626437256
RVidM9g0,0.006442035241403718,-0.014523552138350397,-0.4428491329196049,-0.5105697799969344,-0.0039717265694233644
RZnQSH19,0.006442035241403718,-0.014523552138350397,-0.11205323036813161,-0.5380985373461256,1.2157013826074592
Rc4UK7fT,0.006442035241403718,-0.014523552138350397,-0.44071672014391217,-0.6063656710511244,-0.15410580912638908
RcKBKh6B,0.006442035241403718,-0.014523552138350397,-0.5129415375289552,-0.6828382095104857,-0.268320422222456
ReM5kDa5,0.006442035241403718,-0.014523552138350397,-0.528088488675587,-0.48539667473180614,-0.4023185514765677
RfntsotG,0.006442035241403718,-0.014523552138350397,-0.37916201554948614,-0.6717116479478409,0.6578569472798237
RiXMlzXD,0.006442035241403718,-0.014523552138350397,-0.39390443753761767,-0.4060203993758049,-0.1880789978758592
Rik83O3m,0.006442035241403718,-0.014523552138350397,-0.5316819462946225,-0.36472276256444747,-0.24936947709258245
S3PCzDzO,0.006442035241403718,-0.014523552138350397,0.04575815044681217,0.37128151735245285,0.1267676988713281
S77BviOJ,0.006442035241403718,-0.014523552138350397,-0.5109067482500569,-0.46287558784340266,-0.17147042935499393
SDdvtktF,0.006442035241403718,-0.014523552138350397,-0.07622103042909978,-0.22777308672857033,-0.2852068321848751
SHs1AyfM,0.006442035241403718,-0.014523552138350397,-0.30005629051397614,-0.5657812124476689,0.09271176347888095
SO4zQy9k,0.006442035241403718,-0.014523552138350397,-0.3669532691411567,-0.6527299614776336,-0.09988876772583977
SOOBCoiG,0.006442035241403718,-0.014523552138350397,0.014723857134519555,-0.6641189135631436,0.8910474055719872
SXkkPB7A,0.006442035241403718,-0.014523552138350397,-0.16802279659910768,-0.7444608981460985,0.3521848863435646
Sa93dGqq,0.006442035241403718,-0.014523552138350397,-0.4379721113433966,-0.6765359717267724,-0.1622423579799291
SonIG72a,0.006442035241403718,-0.014523552138350397,-0.5327536041830446,-0.4941275609106317,0.14499232913042281
Suf6hIBc,0.006442035241403718,-0.014523552138350397,-0.35003042776442506,-0.6265013797850059,0.3914603342996807
Sx2JeSRz,0.006442035241403718,-0.014523552138350397,-0.15583986587866816,-0.5959651582632487,-0.21061577381394464
T1Tlftr4,0.006442035241403718,-0.014523552138350397,-0.03161758670539391,-0.7512399287084988,-0.039291647116645234
T7ulR4ci,0.006442035241403718,-0.014523552138350397,-0.13393866711658844,-0.236445555105957,0.7086100703524858
TA1NB3Br,0.006442035241403718,-0.014523552138350397,-0.19380254082238763,-0.6024804136201523,0.030111036231765947
TFZUskaK,0.006442035241403718,-0.014523552138350397,-0.19984142026739532,0.09315902304641921,-0.52082045480992
TNL8HGWZ,0.006442035241403718,-0.014523552138350397,-0.3459137522371424,-0.476713262045132,-0.13750894446499526
TZ8z1GSF,0.006442035241403718,-0.014523552138350397,-0.23564568782131468,-0.23840373880490584,0.3451630827145821
TqhRvkJJ,0.006442035241403718,-0.014523552138350397,-0.5485601605906694,0.13625111272949653,0.007919206432179846
TtJCUiY4,0.006442035241403718,-0.014523552138350397,-0.07455368068608463,-0.8066006803480037,0.4022779557991131
TwDq0lua,0.006442035241403718,-0.014523552138350397,-0.7270648873079955,-0.6402833365823268,-0.3050216859795378
Tzyf02sI,0.006442035241403718,-0.014523552138350397,-0.17667069184781206,-0.7160969234602361,0.7659464625024647
U3yI6ZS5,0.006442035241403718,-0.014523552138350397,-0.020995537646951043,-0.3197790337805124,-0.36036420809860215
UBLnXZAN,0.006442035241403718,-0.014523552138350397,-0.19398776586900768,0.25698067998601415,-0.2150908519053185
UBWDzleg,0.006442035241403718,-0.014523552138350397,-0.1471501193740127,-0.28657667431783573,-0.20753465417874942
UBqkX6SY,0.006442035241403718,-0.014523552138350397,-0.12028327392536853,0.10230704104291855,-0.3445468211733902
UCIAi1Aj,0.006442035241403718,-0.014523552138350397,-0.2391162964692137,-0.41793663982292506,-0.13032135660619795
UPbXGvCS,0.006442035241403718,-0.014523552138350397,-0.33213986376847154,-0.32034398992142543,-0.2879029748829187
UeWm1l9F,0.006442035241403718,-0.014523552138350397,-0.2184953505852409,0.2140378569152417,-0.05898847871390803
UhucscY7,0.006442035241403718,-0.014523552138350397,-0.2888889054142359,0.029219969708857096,-0.36120274687723875
Uri1SvHV,0.006442035241403718,-0.014523552138350397,-0.2621834536651092,-0.5287644344818443,-0.460153470902868
UzxipGJS,0.006442035241403718,-0.014523552138350397,-0.06740523547584494,-0.5203704652143955,0.35486246805108673
V74zfaAQ,0.006442035241403718,-0.014523552138350397,-0.1761262703336916,-0.4535832339157445,-0.3824056583082007
VBPxBLTh,0.006442035241403718,-0.014523552138350397,-0.26707159739570885,-0.41574033871229266,-0.47436741001792126
VLG7CXYS,0.006442035241403718,-0.014523552138350397,-0.2333702080520504,-0.6250721031106705,-0.09533265486067327
VNk52SpF,0.006442035241403718,-0.014523552138350397,-0.2547031172550634,0.3367970395638711,-0.5556985284566156
VOREKsok,0.006442035241403718,-0.014523552138350397,-0.12002002214721734,-0.8678861218266157,2.256425817810071
VRhTr5pX,0.006442035241403718,-0.014523552138350397,-0.05643995913302367,-0.24212684101207715,0.26570773319083124
VTcG4Kcw,0.006442035241403718,-0.014523552138350397,-0.021783646592895944,-0.5978935423597243,-0.04308930501696706
VeKiWSbS,0.006442035241403718,-0.014523552138350397,0.015685098441022838,-0.5721753968123711,0.3031110924619621
VnU8nJHU,0.006442035241403718,-0.014523552138350397,-0.2811631825922082,-0.2903036899734305,-0.30171658440440363
VueNCxYv,0.006442035241403718,-0.014523552138350397,-0.14389137615812642,-0.42007643677223305,-0.28361199982199914
VxuQTRUl,0.006442035241403718,-0.014523552138350397,-0.5401091690227885,-0.3037722320523698,-0.5218604824792173
W5lgaocA,0.006442035241403718,-0.014523552138350397,-1.2549410574077309,-0.048703389516933204,-0.3899966375383127
W5mMq9Ef,0.006442035241403718,-0.014523552138350397,-0.43479760717109417,1.145048329277671,-0.24161659913242547
WDhNqFpS,0.006442035241403718,-0.014523552138350397,-1.1945860159214228,-0.23652444194238864,-0.92317665031071
WE6n1kZi,0.006442035241403718,-0.014523552138350397,-0.17387696866825963,-0.2151743783624065,-0.3705852964565704
WFk6r3vA,0.006442035241403718,-0.014523552138350397,-1.4177546619805401,-0.31509551690928495,-0.3905461317446934
WFyIrsUR,0.006442035241403718,-0.014523552138350397,-1.5117178253923684,0.22522496914396584,-1.2878962607084128
WG6ZAsqR,0.006442035241403718,-0.014523552138350397,-1.1142767375000586,-0.6292342501917156,1.1593759986623429
WMq3CZQk,0.006442035241403718,-0.014523552138350397,-1.4001980016444646,0.17306927092919744,-0.6872763103803619
WRskmGjh,0.006442035241403718,-0.014523552138350397,-1.7233988114310166,-0.1184660057146466,-0.2582887573166291
WXijSglj,0.006442035241403718,-0.014523552138350397,0.08147733713990035,0.6197542226952966,-0.19529274059375923
Wc0stQgu,0.006442035241403718,-0.014523552138350397,-0.5773702055999661,0.5802103823102478,-0.4735452216953325
WewoSCUB,0.006442035241403718,-0.014523552138350397,0.3783964939041908,3.2750474130258596,0.5017076961758926
WuHuhHWJ,0.006442035241403718,-0.014523552138350397,-0.35246143867672625,0.04290387709053256,0.7061796903712168
Wv7EBtZb,0.006442035241403718,-0.014523552138350397,-0.6167050314122211,0.7463112596217312,-0.5416443261916825
WyPlxDn0,0.006442035241403718,-0.014523552138350397,-0.6912897567548093,-0.14880248568957455,0.2821515364875183
X3WqoSNN,0.006442035241403718,-0.014523552138350397,-0.688647731590332,0.20204447870357045,-0.8437784695028145
XDhyP9KB,0.006442035241403718,-0.014523552138350397,-1.405832569291027,0.777573890049112,-0.43879799354768945
XQxhDRMG,0.006442035241403718,-0.014523552138350397,-1.0291971496944232,0.11209600721151047,-0.20003477789082869
XjLNAwxW,0.006442035241403718,-0.014523552138350397,-1.4540719809297944,0.31226747920869524,-0.7331612551457097
XjfVQbXd,0.006442035241403718,-0.014523552138350397,-0.6150751325341791,1.6138760157844807,-0.16652828541395862
Xovczbf6,0.006442035241403718,-0.014523552138350397,-0.8893688144910094,-0.8117891489841604,1.655893644976811
Y8H4onBf,0.006442035241403718,-0.014523552138350397,0.39689487442825067,2.2254685968099386,0.28588090219411433
Y8YgzSZ9,0.006442035241403718,-0.014523552138350397,-0.871828287721917,0.14707611471981097,-0.5742557607003034
YC4PNV20,0.006442035241403718,-0.014523552138350397,-0.8067380255883155,-0.2323016091508846,0.4587352521716668
YDHSCRdd,0.006442035241403718,-0.014523552138350397,-0.3109168099998998,0.7013302621591844,-0.11989360527297499
YIJ87aME,0.006442035241403718,-0.014523552138350397,-0.8274886803935381,1.129729450474695,-0.13452434714649716
YKvT4dFv,0.006442035241403718,-0.014523552138350397,0.2192145329067759,0.03677268895897701,0.14992893608229313
YNebALR2,0.006442035241403718,-0.014523552138350397,-1.2281769055690714,-0.4398662851136016,-0.22780038637848748
YNrnqFyb,0.006442035241403718,-0.014523552138350397,-0.851403830242799,0.08752210949226225,-0.5730243238644792
YUZ4lR3m,0.006442035241403718,-0.014523552138350397,-1.1268027099198334,-0.37987052569522006,-0.31316214111354346
YYLvjoVC,0.006442035241403718,-0.014523552138350397,-0.17336314690963953,0.3529872006889083,-0.32132601338139044
Yb8OtMb2,0.006442035241403718,-0.014523552138350397,-1.2972342328922335,-0.4336858189127101,-0.525989702977785
Ycg4lTYw,0.006442035241403718,-0.014523552138350397,-0.6956591510905592,5.464756164543641,-1.0755275581156587
Yfk6tekH,0.006442035241403718,-0.014523552138350397,-0.10238905147213256,-0.3604637429861153,-0.32476229073871005
YoSfgmR6,0.006442035241403718,-0.014523552138350397,-1.068166179485584,-0.15717239423128526,-0.815373277417591
YpzFvexy,0.006442035241403718,-0.014523552138350397,-0.10868830391090434,1.1478805230541842,-0.8935056362754803
Yxqppfa3,0.006442035241403718,-0.014523552138350397,0.1797279037033111,0.20898679315748492,-0.6453126520386003
Z16jTUvP,0.006442035241403718,-0.014523552138350397,0.328320578132851,0.5125847143136772,-0.10039476224858918
Z2BdCCbJ,0.006442035241403718,-0.014523552138350397,-0.37589820143884317,-0.39233353346078437,0.5261907726908948
Z2JJMM6V,0.006442035241403718,-0.014523552138350397,-0.31676648987705264,0.11605671898774728,-0.39925146514392196
Z5jE1OB5,0.006442035241403718,-0.014523552138350397,-0.6190336514125352,-0.15104528722416177,-0.36850668797383146
ZFsIqYxA,0.006442035241403718,-0.014523552138350397,-0.9050630537068207,0.2641798060577427,-0.821500336158216
ZHDVsoRh,0.006442035241403718,-0.014523552138350397,0.34863720573408047,1.5106233881669868,-0.24651118377772296
ZSmfu2Fc,0.006442035241403718,-0.014523552138350397,-0.5859192299767435,1.038817492057511,-0.033694872881646076
ZU8YXF3H,0.006442035241403718,-0.014523552138350397,-0.23560331806739185,-0.6367730077901017,1.394629038614635
ZXKaNy6Z,0.006442035241403718,-0.014523552138350397,0.2107270129077357,-0.4403701642279384,0.09540669315164296
ZbYLo0zK,0.006442035241403718,-0.014523552138350397,0.34156473376794294,-0.03735351278060817,0.07645002218683905
ZedN8Gcn,0.006442035241403718,-0.014523552138350397,-0.4836125160646236,0.008343453870771622,-0.608977881902215
ZgD4Dau6,0.006442035241403718,-0.014523552138350397,-0.1950559661997165,0.19997463507412983,-0.507208160218279
Zgzf79LA,0.006442035241403718,-0.014523552138350397,0.8583409738834366,2.0532366881111406,0.212729887399008
ZjqzxDOF,0.006442035241403718,-0.014523552138350397,0.09215920670117311,-0.428472717911081,-0.32349353915228013
ZsZ5aDpq,0.006442035241403718,-0.014523552138350397,0.15882298184643479,0.46275919845174807,-0.7264798031280864
ZtyqE7If,0.006442035241403718,-0.014523552138350397,0.025426909604936238,0.07927214087675849,-0.7455077588323646
ZvUgz01f,0.006442035241403718,-0.014523552138350397,0.18507866663264297,-0.613165000131773,-0.05612397984943568
ZwrhgdQV,0.006442035241403718,-0.014523552138350397,-0.004961026284121539,-0.22635826273493664,-0.6409951153300391
a7bhJGBU,0.006442035241403718,-0.014523552138350397,0.39652957885873474,-0.4878700928307791,-0.4286043279264589
aHpv6KzP,0.006442035241403718,-0.014523552138350397,0.44459842465007987,-0.35191564381795937,-0.43597987413858863
aINzEBVN,0.006442035241403718,-0.014523552138350397,0.7452496289418289,2.5869558443145393,-0.1375805557289953
aP9EtTGF,0.006442035241403718,-0.014523552138350397,1.2043314711650979,0.6352771169205056,-0.619291324688306
aV6EhtSL,0.006442035241403718,-0.014523552138350397,0.16589268849110067,0.4635814182260811,-0.3198624073322422
aVZsXKoH,0.006442035241403718,-0.014523552138350397,2.031343402690183,0.07570104107354725,-0.514115228337195
aYVnVJvc,0.006442035241403718,-0.014523552138350397,0.31632308645648133,-0.5926709920482942,-0.5333038740036751
abCzN1zx,0.006442035241403718,-0.014523552138350397,0.12005548319726067,0.2249245416748593,-0.470498530518345
ae7sMiB4,0.006442035241403718,-0.014523552138350397,0.8251875820007016,-0.2948645917091939,-0.6699021995259666
afsVuCGV,0.006442035241403718,-0.014523552138350397,-0.012500046752667027,-0.5781176682806504,-0.7119688004528971
aiwBQETI,0.006442035241403718,-0.014523552138350397,0.6492552791458721,-0.5351759488733321,-0.2505248243735073
aiyli4EI,0.006442035241403718,-0.014523552138350397,1.458476814392909,-0.1946545279249886,-0.5373043918526936
apJ7NmzD,0.006442035241403718,-0.014523552138350397,1.1383298287224353,-0.3689879706740976,-0.4079042814883866
atVjNMtQ,0.006442035241403718,-0.014523552138350397,-0.728218779213684,0.910918889596785,-1.1137996589877626
b5GirVGV,0.006442035241403718,-0.014523552138350397,0.33601116315898555,-0.6498005887495146,0.573191131686575
b9SpMjNB,0.006442035241403718,-0.014523552138350397,0.2751648176857331,-0.6362916472337163,-0.049899839876851926
bAFs37yy,0.006442035241403718,-0.014523552138350397,0.24385767016732318,-0.6639094339904075,0.4692889260777634
bDia1hHV,0.006442035241403718,-0.014523552138350397,0.72953268766238,-0.22394695606884218,-1.0005584218280552
bFkv5Mtr,0.006442035241403718,-0.014523552138350397,0.7476978836665267,-0.5128523256771398,-0.20937508880867178
bHe2IXgA,0.006442035241403718,-0.014523552138350397,-0.8653154138768893,1.1132178463107048,-1.3121715714359818
bWX3vUm5,0.006442035241403718,-0.014523552138350397,0.6705639546476495,-0.5541066488041848,-0.28066503513351193
bat8tcGs,0.006442035241403718,-0.014523552138350397,0.4908619115507647,-0.317166322570126,-0.8883019427078424
bfjej4wu,0.006442035241403718,-0.014523552138350397,-0.05938234833054917,-0.3860752982420894,-0.4495432185518503
bh04YDiP,0.006442035241403718,-0.014523552138350397,-0.08895705449514368,-0.46540352753877623,-0.45465213444017993
c110Fdc8,0.006442035241403718,-0.014523552138350397,0.7329945017817976,-0.3170288922846153,-0.22016335258296826
c32GUzMa,0.006442035241403718,-0.014523552138350397,0.031866228873906555,-0.43045684699805364,-0.24346846534204553
cT6uU0B0,0.006442035241403718,-0.014523552138350397,0.025740982038809368,-0.4305954587193773,0.4651046309413294
cWXCiFwh,0.006442035241403718,-0.014523552138350397,0.03522152607264817,0.23053628073468535,-0.6406803054864341
ceNvS3yd,0.006442035241403718,-0.014523552138350397,-0.049897805390539784,-0.6433445185420033,-0.2542476775714567
cmwdt4Av,0.006442035241403718,-0.014523552138350397,1.8085896945849693,-0.09559542304815849,-0.5909248410312875
cn4EHsup,0.006442035241403718,-0.014523552138350397,-0.4006736069374235,-0.014675964221954052,-0.5695069880076561
crVOGGTT,0.006442035241403718,-0.014523552138350397,0.36364230627446836,-0.3919524208794438,-0.038309157536697835
csPEJ1E5,0.006442035241403718,-0.014523552138350397,-0.6064123712323528,-0.017785010958512815,-0.46602192843654033
d0UrRtMk,0.006442035241403718,-0.014523552138350397,0.2034842261785879,-0.5086682114767472,1.3061088449784748
d6LU4G4I,0.006442035241403718,-0.014523552138350397,0.042142561517182764,-0.5499477668394208,-0.19988515790951994
d74T1DVv,0.006442035241403718,-0.014523552138350397,-0.14965321379757618,-0.5529415130150612,-0.3113682257610083
dR6rM1tQ,0.006442035241403718,-0.014523552138350397,0.44357654527092655,-0.3950193999401992,-0.7811347650257681
dUNxOoqg,0.006442035241403718,-0.014523552138350397,-0.15824508473200427,-0.3452681581235607,-0.7066078546590133
dUnlyhj7,0.006442035241403718,-0.014523552138350397,0.7016742450461865,-0.09497528562313595,-0.24513797965600703
dVDlnZQ6,0.006442035241403718,-0.014523552138350397,-0.8787484382406672,0.6207172786473134,-1.165757287175875
dVT26GDu,0.006442035241403718,-0.014523552138350397,-0.08432679110541541,-0.07588001298252345,-0.020777526195774998
de43ycXY,0.006442035241403718,-0.014523552138350397,0.7630891577429868,0.10223542236127225,-0.3242687930242985
dfIn7m9z,0.006442035241403718,-0.014523552138350397,0.1226369526336859,0.4883026520610716,-0.8423286809629218
dhmb9ZY9,0.006442035241403718,-0.014523552138350397,2.0151625924604497,0.45422233501446185,-0.9402927521408462
dn8kCuyf,0.006442035241403718,-0.014523552138350397,-0.22083645294595444,-0.28585072933323097,0.32821664065196077
dpcquvWW,0.006442035241403718,-0.014523552138350397,-0.5573482455573135,-0.3932127458145144,0.21355779424429633
dqcbIMyr,0.006442035241403718,-0.014523552138350397,-0.566486609983158,-0.16404705808564446,0.15208734741186578
drWgsBf5,0.006442035241403718,-0.014523552138350397,-0.6606767182014355,1.4650044503948925,-0.4089727070320829
dytx0HSe,0.006442035241403718,-0.014523552138350397,-0.5010171474267205,-0.7526271545369456,1.8407048578614496
e4KkkIha,0.006442035241403718,-0.014523552138350397,0.9404169069710931,0.4077456080288635,-0.2032533741859312
e9YorH4m,0.006442035241403718,-0.014523552138350397,1.42859945942197,-0.13579150092375447,-0.002470061450897787
eB9gVQ0R,0.006442035241403718,-0.014523552138350397,0.6697228647412332,-0.3398697986035467,-0.5898329015178764
eMhLFqU6,0.006442035241403718,-0.014523552138350397,-0.7309366610419713,-0.4445211703670512,-0.7818715370040922
eMllg1qm,0.006442035241403718,-0.014523552138350397,1.4305621466926701,-0.7052994062073493,-0.8205797662217498
eNPunZ9i,0.006442035241403718,-0.014523552138350397,-0.8815670557430202,-0.0822684268402959,-0.03044078690263119
eS5BSM4J,0.006442035241403718,-0.014523552138350397,0.10943327449381002,0.04899363554301628,1.3721180218784452
eVGMFoOI,0.006442035241403718,-0.014523552138350397,-0.14091757889301199,0.0062840888798290084,0.38256273107731664
eaIwb3rG,0.006442035241403718,-0.014523552138350397,-0.21379935105840558,-0.32537834526307596,0.2611714157221427
eyzw8Vis,0.006442035241403718,-0.014523552138350397,0.3174427405914884,-0.7094096450784255,0.06977193575446089
f04Ke2bN,0.006442035241403718,-0.014523552138350397,-0.5658169343562653,0.09754389706210675,-0.7028289195717741
f4GA0te1,0.006442035241403718,-0.014523552138350397,0.03886686031467612,-0.5324372042577881,0.047027545135723436
f7bd91h5,0.006442035241403718,-0.014523552138350397,-0.015231684104502208,-0.0421743703097095,0.6626386264139112
fB7z9ndr,0.006442035241403718,-0.014523552138350397,-0.4866522953232672,-0.4572858375733523,0.4483147128958116
fEe7AWFA,0.006442035241403718,-0.014523552138350397,-0.3394755407468605,0.8967625147737024,-0.5539302494906115
fJJIbgY9,0.006442035241403718,-0.014523552138350397,0.2836077166832438,2.454809705142745,-0.035840283457695965
fQBURMvg,0.006442035241403718,-0.014523552138350397,-0.8003482284983846,0.08476278821407512,0.9397747393117222
fS0HpOub,0.006442035241403718,-0.014523552138350397,-0.3606203728809532,0.6490715177253532,0.6667364167831489
fTDXauuk,0.006442035241403718,-0.014523552138350397,-0.1024563072559421,1.0456337223805527,-0.10383011201397127
favPNA2N,0.006442035241403718,-0.014523552138350397,-0.7652227396482251,-0.4045985106065434,-0.8136959400825698
g3Fv0U4k,0.006442035241403718,-0.014523552138350397,-1.722093276800824,0.7941333620722846,-1.5037014462453284
g5PKo2E2,0.006442035241403718,-0.014523552138350397,-1.0731776464968363,-0.1896755447630064,-0.1329992218325481
gbjnD5fe,0.006442035241403718,-0.014523552138350397,0.04192599489862381,-0.36649201133656417,-0.11927967442932597
ge9zqXCv,0.006442035241403718,-0.014523552138350397,-1.0337767821018327,-0.0749172688072487,-1.342575598020014
geeqJpSE,0.006442035241403718,-0.014523552138350397,-0.6054173913660681,-0.5147239902808431,-0.08263106092476405
gqy1J2RS,0.006442035241403718,-0.014523552138350397,0.14939009890836727,-0.42111651472377687,-0.8379332801375879
grlUtS3H,0.006442035241403718,-0.014523552138350397,0.002160329339800926,-0.058201676807369096,-0.7425692554643623
gx965KYj,0.006442035241403718,-0.014523552138350397,-1.0340063673502013,-0.07096311515301601,-0.9667257099111435
h3F08Vjm,0.006442035241403718,-0.014523552138350397,-1.0132370449908426,-0.8036222698696881,-0.19510544928003587
h6FQG8Iy,0.006442035241403718,-0.014523552138350397,-0.23798084263988253,-0.6771165874450835,-0.2647088031408249
h7ftM8b3,0.006442035241403718,-0.014523552138350397,-1.059413672119013,1.239850738487283,-0.7222566560028811
hLrCHXZv,0.006442035241403718,-0.014523552138350397,-1.5158137317500677,-0.5592809910454981,-0.9324968241013353
hQ6VBuFx,0.006442035241403718,-0.014523552138350397,-0.2924696424798888,-0.4714577894316413,-0.7720890126200927
hYoR2y7w,0.006442035241403718,-0.014523552138350397,-0.4191680191598148,0.6207393166881414,-1.338770690293268
hf65yZkM,0.006442035241403718,-0.014523552138350397,-0.6049237878305811,0.07731712359575482,-0.9836836126440986
hjuwe1x4,0.006442035241403718,-0.014523552138350397,-0.8399382298000813,-0.6316297731467113,-0.7084081206760752
hyINlsFR,0.006442035241403718,-0.014523552138350397,-0.30329885173197685,-0.5560470599836992,-0.7672493742689426
i0Qlm9Bv,0.006442035241403718,-0.014523552138350397,-0.6656212205249871,-0.31945240617176085,0.43376624300360717
i1VxfxMb,0.006442035241403718,-0.014523552138350397,-0.543684107337403,-0.3965946022322858,0.5237257667460535
i2l6jXNP,0.006442035241403718,-0.014523552138350397,-0.8082082399409479,-0.4163122581916118,-0.4402192540630241
i4FgPZv7,0.006442035241403718,-0.014523552138350397,-0.6301250214850254,-0.448380693879476,-0.062403277882013775
i7XtIkSi,0.006442035241403718,-0.014523552138350397,-0.8795533272840007,-0.12373708483951185,-0.8160682998473843
i9z346Ut,0.006442035241403718,-0.014523552138350397,-0.6506360331434156,0.2992046260645509,-0.3990678531302091
iDOat4cZ,0.006442035241403718,-0.014523552138350397,-1.2018398286213463,1.2264282132421012,-0.6706215531879776
iNv6RoSO,0.006442035241403718,-0.014523552138350397,-0.5255263116200073,-0.3451724557873158,-0.11078937835079322
iSL9NYzy,0.006442035241403718,-0.014523552138350397,-0.7381328489979726,0.3220959866530395,-0.4258673537095742
iSqVc1r8,0.006442035241403718,-0.014523552138350397,-1.0020704041824937,-0.17332505181573676,-0.7143613520717481
iYZMftt6,0.006442035241403718,-0.014523552138350397,-0.6902926290928393,0.043988528181053255,-1.4947371142103736
ieTPaa3c,0.006442035241403718,-0.014523552138350397,-0.9336769625086816,-0.32628493960322846,-0.5178636712977975
if7BmzU0,0.006442035241403718,-0.014523552138350397,-0.5070215998285301,-0.47574978471690565,0.18949515212250012
ihNz5bmx,0.006442035241403718,-0.014523552138350397,-0.6614848139879861,-0.42699011196918646,-0.7317714656360524
ikJXKdIN,0.006442035241403718,-0.014523552138350397,-0.21260217159116535,5.021204256854728,1.0458206710304312
iq2kxikN,0.006442035241403718,-0.014523552138350397,-1.6053467996892752,-0.47203360285937235,-0.7775939415742255
iuZEDJK7,0.006442035241403718,-0.014523552138350397,-0.4752916471457864,-0.5996440190155538,0.0940719649645422
iyF8gVT7,0.006442035241403718,-0.014523552138350397,-0.35535603533751614,-0.6040928866515712,-0.12344500276919071
j06qdQ0V,0.006442035241403718,-0.014523552138350397,-0.016232399500471978,-0.10731505072724234,0.04513298485581402
j7hl8svO,0.006442035241403718,-0.014523552138350397,0.04442673623274759,0.7683567752094655,-0.9817224991702233
j8hMoJUN,0.006442035241403718,-0.014523552138350397,0.745408452689251,2.429746248752863,0.17191562356324197
jNaFasbV,0.006442035241403718,-0.014523552138350397,-0.42358402306942544,0.35412471347440677,-0.47039735797521315
jVVHeYHT,0.006442035241403718,-0.014523552138350397,1.0382427934596434,0.39008141242287087,-0.21938551019912345
jXm4ySvK,0.006442035241403718,-0.014523552138350397,-0.056001992053238525,-0.042718280568478706,-0.1753473384338799
juO5ii5l,0.006442035241403718,-0.014523552138350397,1.1873552202333302,0.6010980968613202,-0.2980814211364764
k2hdEBsU,0.006442035241403718,-0.014523552138350397,0.27467067128187034,-0.09756691788987315,0.7159630316747074
k3ynMfhN,0.006442035241403718,-0.014523552138350397,0.2809438266025527,-0.09102030620357049,-0.09743574609527461
k9C9yBtr,0.006442035241403718,-0.014523552138350397,-0.12264688494854262,-0.36343548011135585,-0.3658735339194128
kAKRvcRo,0.006442035241403718,-0.014523552138350397,-0.21489441665683484,1.666807242415258,-0.27083366447186397
kBi3R2oC,0.006442035241403718,-0.014523552138350397,0.061383371140702275,0.15254043536175366,-0.20053869928457327
kDWmnsXe,0.006442035241403718,-0.014523552138350397,-0.20195160643777071,0.23314320830048785,-0.08968169603457743
kSGBd2Vh,0.006442035241403718,-0.014523552138350397,-0.3490103358375703,0.014458044724736219,0.4296809585861787
kT0miHPT,0.006442035241403718,-0.014523552138350397,-0.30583427738802893,-0.1907297053513204,0.6662284721735174
kaW0TfRn,0.006442035241403718,-0.014523552138350397,0.16827928791666535,0.17337355202165927,-0.14745538816612444
kmg3SowO,0.006442035241403718,-0.014523552138350397,0.1026254640650977,0.4480536707811522,0.05453318638069915
kpxKSlnF,0.006442035241403718,-0.014523552138350397,0.4449385613067318,-0.21527649834577256,0.04409447009706907
ku2cn1MV,0.006442035241403718,-0.014523552138350397,0.4354393800239381,0.6128375523819618,0.07820117935877925
l1su5HU9,0.006442035241403718,-0.014523552138350397,-0.15448758974613652,0.17022960713722823,0.15732896348546804
l8Tg2RvD,0.006442035241403718,-0.014523552138350397,0.23704951749713007,0.5112364063406969,0.11190520029034443
lB6NsVOc,0.006442035241403718,-0.014523552138350397,0.17853405191497262,-0.47611346380201824,1.1069610767709885
lEcdVyKk,0.006442035241403718,-0.014523552138350397,-0.271406397411214,-0.4710424540735073,1.0831957994519557
lH4TasGl,0.006442035241403718,-0.014523552138350397,0.2007150882365427,0.2209987170231189,-0.15021358745318664
lO9aggHW,0.006442035241403718,-0.014523552138350397,-0.21883372054856143,-0.24017562103490098,0.055908914004863836
lW3m9Vzu,0.006442035241403718,-0.014523552138350397,-0.18248072719295147,0.22966104997583248,-0.47595685004656946
lYLseGDP,0.006442035241403718,-0.014523552138350397,0.30411349610201116,-0.251891815532598,0.533928584535581
lcOnCdZi,0.006442035241403718,-0.014523552138350397,-0.16669811838835255,-0.13011649879056175,0.2328909907873721
le9YGwON,0.006442035241403718,-0.014523552138350397,-0.1714563965190782,0.26606999911405516,-0.4250973064456852
llMvu3TX,0.006442035241403718,-0.014523552138350397,0.8724643012683988,1.0239243803890816,-0.3864318688183583
lnHh2jFO,0.006442035241403718,-0.014523552138350397,-0.16947479241587005,0.02960345098849082,-0.1719850782247583
m07CVXd4,0.006442035241403718,-0.014523552138350397,-0.28845832195395804,-0.5264034709025477,0.38979575792151255
m1lPk91z,0.006442035241403718,-0.014523552138350397,0.903973664785528,-0.35106344043398174,0.6815966427577513
m9IQdmwa,0.006442035241403718,-0.014523552138350397,0.700095592184519,-0.6735256388918154,1.0464770571661148
mG9BRy5x,0.006442035241403718,-0.014523552138350397,0.15588915018186994,-0.3991067216993429,0.15851953697973564
mVHXnama,0.006442035241403718,-0.014523552138350397,0.582442117345173,-0.3477627321680983,-0.009353901703865852
mXyrR6nU,0.006442035241403718,-0.014523552138350397,1.1112380734151144,-0.7885231880565933,0.4910748732218518
mbzNdxNc,0.006442035241403718,-0.014523552138350397,0.24232326488695688,-0.7772593175471316,-0.33739310753483204
mntH7g3L,0.006442035241403718,-0.014523552138350397,1.805669326095217,-0.5596967832639792,0.020524569048523456
msRTXP3H,0.006442035241403718,-0.014523552138350397,0.4771668184354828,-0.8023600751086162,0.19689841089312027
mxBjvIPR,0.006442035241403718,-0.014523552138350397,0.8063138585516254,-0.7520085187039762,0.2746325678299057
n8Opmfbz,0.006442035241403718,-0.014523552138350397,2.092942425300784,-0.5140098734631839,0.07673415485425755
nOkgU29Q,0.006442035241403718,-0.014523552138350397,0.4914070725079944,-0.531379577082475,-0.07026435502056444
nhttf7VM,0.006442035241403718,-0.014523552138350397,1.390360576287861,-0.4519234533827311,-0.10542772467273526
njLbXYa3,0.006442035241403718,-0.014523552138350397,0.6662174976611033,-0.7725404761703674,0.04123821371679348
nwkIpzmh,0.006442035241403718,-0.014523552138350397,1.3128747175189073,-0.5246957442541704,-0.22498671086234612
nzB1R9Zg,0.006442035241403718,-0.014523552138350397,1.7449764751960728,0.3165957731326101,0.20325071644828036
o1rZRI84,0.006442035241403718,-0.014523552138350397,0.5215106561148802,0.8526519989460306,-0.14564950962033651
o7q5Mbty,0.006442035241403718,-0.014523552138350397,0.7259202164177003,-0.5694942403664984,-0.2767460027902498
oCBvysqB,0.006442035241403718,-0.014523552138350397,0.30922052633821556,-0.28486867629202295,0.04843331027242276
oDmycTPH,0.006442035241403718,-0.014523552138350397,0.20921227832988543,-0.34091611208684214,0.6634811594581413
oFAXZvQv,0.006442035241403718,-0.014523552138350397,0.0379783476004486,-0.36365119496349807,0.14161214382380122
oHE3M1zX,0.006442035241403718,-0.014523552138350397,0.10294080142906203,-0.6720256637670498,0.11113327272045787
oMhVmSpV,0.006442035241403718,-0.014523552138350397,0.21171699639791508,-0.2273820216881557,0.22362552849237421
oNsDqVbi,0.006442035241403718,-0.014523552138350397,1.1567157661727498,-0.5681233881245682,0.02850271715756486
oYAJqQk8,0.006442035241403718,-0.014523552138350397,0.6334883066185688,-0.6488031542071007,0.26479789874249227
ob5Kb6dW,0.006442035241403718,-0.014523552138350397,0.2908770356702741,-0.8788042217720968,1.6592417278260645
obnzqs79,0.006442035241403718,-0.014523552138350397,0.379706933687961,-0.14520291074010427,-0.0339660804017593
oncLcgRP,0.006442035241403718,-0.014523552138350397,0.15036424802138298,-0.6323908860373774,0.2082857486665411
ooWVYaAe,0.006442035241403718,-0.014523552138350397,-0.013905137210808993,0.055726408836854535,-0.42690010770144793
osdyOUnV,0.006442035241403718,-0.014523552138350397,0.22062068225154502,-0.5494978048918202,0.2022735367003693
p7H9CzCv,0.006442035241403718,-0.014523552138350397,0.4163003784183609,-0.4962688108009776,-0.13061400508813353
p7U9hVhY,0.006442035241403718,-0.014523552138350397,0.23920669048001192,-0.6890815380796349,0.8440959637735861
pE6Cf1RV,0.006442035241403718,-0.014523552138350397,0.4620666445899752,-0.8407006223516583,0.3662997003522098
pI7qzotI,0.006442035241403718,-0.014523552138350397,-1.2893274999778326,0.07381269522125256,0.024408307439043736
pJrIA4sk,0.006442035241403718,-0.014523552138350397,-0.833063318244435,1.1026801139594689,0.36166010066261967
pXne2CLZ,0.006442035241403718,-0.014523552138350397,-1.1629758106520518,2.227472101436104,-0.24428120402428583
pZMcDIOS,0.006442035241403718,-0.014523552138350397,-0.5581419713802499,0.28113556025316333,0.8600380782223432
pavfp3cc,0.006442035241403718,-0.014523552138350397,-1.6675214203715156,0.3501117233180009,-0.2012534676158064
pbQdC5L3,0.006442035241403718,-0.014523552138350397,-1.0701482324944063,0.2920813900622823,0.2738644034909986
pgj7aAFP,0.006442035241403718,-0.014523552138350397,-0.31120258511888654,0.45245855115951694,0.2199000027103811
pxg8G3ed,0.006442035241403718,-0.014523552138350397,-0.4858800387211013,-0.19039155684465214,-0.10226366699992853
q36Npk6l,0.006442035241403718,-0.014523552138350397,-0.46390732309804084,0.4532492772921588,0.7272488334033401
q4aDOVvq,0.006442035241403718,-0.014523552138350397,-1.6180853851585413,0.0913994288841895,-0.009060972616367624
qGmfR9CN,0.006442035241403718,-0.014523552138350397,-0.839263210353825,0.20442079892053888,-0.13875163201160817
qJ51ODpA,0.006442035241403718,-0.014523552138350397,-0.8182146644069546,1.1112554993535446,0.07726276862649059
qQX3cs3I,0.006442035241403718,-0.014523552138350397,-1.212567231594257,0.8850338930912944,-0.02481905134371766
qXeIxPb8,0.006442035241403718,-0.014523552138350397,-0.6136846774089115,0.12907572330305372,0.7561880972918441
qYQ4MShM,0.006442035241403718,-0.014523552138350397,-1.0406593858125561,1.4942516415221556,-0.43074369089147135
qa0etnhK,0.006442035241403718,-0.014523552138350397,-1.0697314209437179,1.6622747691585924,-0.4908394397525734
qbL4sboq,0.006442035241403718,-0.014523552138350397,-0.6917998927615738,0.2035571231167732,0.04107925591409477
qbYrsWHq,0.006442035241403718,-0.014523552138350397,-1.223801376519718,0.40771000063583296,-0.09175429368464062
r1zmcUqQ,0.006442035241403718,-0.014523552138350397,-1.6032846993727043,0.10082840826221928,-0.21947177436822746
r54iHeQC,0.006442035241403718,-0.014523552138350397,-0.702708523595426,-0.21244588504876882,0.6575770594990957
r6xrAnQV,0.006442035241403718,-0.014523552138350397,-1.744129100558236,-0.09881723016977662,0.34635357576945075
r9HxnQDg,0.006442035241403718,-0.014523552138350397,-0.8807316205749907,0.8969444489626239,0.3933319794868483
rG8Puuf9,0.006442035241403718,-0.014523552138350397,-1.7096881655463525,0.8730206217420429,-0.09991273185736375
rGuiefuR,0.006442035241403718,-0.014523552138350397,-0.9737151464662412,0.5526983770662786,0.06726538410067258
rJ19OhGP,0.006442035241403718,-0.014523552138350397,-0.4401161123967712,-0.6166004040976725,1.3732243432831839
rOCYepHd,0.006442035241403718,-0.014523552138350397,-0.8849263924079659,0.8015438165004414,-0.029270428037523916
rQJaOPFI,0.006442035241403718,-0.014523552138350397,-1.15328700002892,0.48648945183959214,0.1029801174117532
rQhZtZeh,0.006442035241403718,-0.014523552138350397,-0.9484578957007582,-0.14407523950836032,0.3061228805721348
rapmok0w,0.006442035241403718,-0.014523552138350397,-1.1820630850670155,2.5602299355786426,0.23932681341860246
rgzfnPVu,0.006442035241403718,-0.014523552138350397,-1.202694949740547,2.235953045404688,0.11221454113808242
ri4qhb1S,0.006442035241403718,-0.014523552138350397,-1.2137369166966032,0.6980935674462252,0.2893323787216062
rqpFYzff,0.006442035241403718,-0.014523552138350397,-1.267087801147379,0.4142566064047366,0.21310173606094293
rrs22coX,0.006442035241403718,-0.014523552138350397,-0.7190343867098875,-0.3359372684985954,0.7491071200022804
sEeUCQLc,0.006442035241403718,-0.014523552138350397,-0.674393604134277,-0.18417857422729034,1.037424164076162
sHScwqQl,0.006442035241403718,-0.014523552138350397,-0.4271920175150974,-0.4218676372333032,0.839979880575352
sNC7DiAt,0.006442035241403718,-0.014523552138350397,-0.5749489268540248,0.2292692360652615,0.7566647895442894
sNK2TSs3,0.006442035241403718,-0.014523552138350397,0.2526893572695031,-0.48313667085004974,0.787752142295566
sO7Su6uw,0.006442035241403718,-0.014523552138350397,0.2320413252637103,-0.3743162736299923,-0.08224730967488952
sOWZx89o,0.006442035241403718,-0.014523552138350397,-0.4251452525350805,-0.5376485847493775,1.2774748532876394
sPbRcPjC,0.006442035241403718,-0.014523552138350397,-0.5200409325725948,-0.3081291035285887,0.04237637177855563
scVUfTKI,0.006442035241403718,-0.014523552138350397,-1.4257574212586395,0.637344989668168,0.03900232191476574
seRaGeVv,0.006442035241403718,-0.014523552138350397,-1.0876939910442422,0.5716645142457635,0.31601209365020705
sgtwiYWi,0.006442035241403718,-0.014523552138350397,-0.6869317756623444,0.5802897813037267,0.3392231904998578
sjmLHcT6,0.006442035241403718,-0.014523552138350397,-0.34386264090854546,2.3953409627964404,0.6006138668982213
skZUZZGS,0.006442035241403718,-0.014523552138350397,-0.2786489088469591,-0.4529162542465427,0.3525956257536915
suAmzADX,0.006442035241403718,-0.014523552138350397,-0.11357410611658961,0.26469251459792,-0.1443822046501646
t4GWLqlO,0.006442035241403718,-0.014523552138350397,-2.514448824835653,1.608854369895223,0.20750352394783592
t7gy6Jyy,0.006442035241403718,-0.014523552138350397,-2.30218700968643,0.7718927701973335,0.2154347379737194
tBadzH60,0.006442035241403718,-0.014523552138350397,-1.4877835766709313,1.9229149076939298,-0.09429004930968496
tXUWm0hp,0.006442035241403718,-0.014523552138350397,-0.7516011020248003,0.5225165819485866,0.3315249630632768
te6UPPxf,0.006442035241403718,-0.014523552138350397,-1.188915174137482,0.4022518619285709,0.1736358545600793
ti2lamkL,0.006442035241403718,-0.014523552138350397,-1.1877864410157317,2.3934524831778194,0.19701288980674542
tr0lpwuU,0.006442035241403718,-0.014523552138350397,-1.246148216336079,1.711910854471622,-0.6391257301943178
ttdB5C73,0.006442035241403718,-0.014523552138350397,-1.0301028872760718,0.8260484914434829,0.30391199508680045
twS8YZu9,0.006442035241403718,-0.014523552138350397,-0.8642565307807164,0.4457550780586681,0.38387493488320446
tx68W34H,0.006442035241403718,-0.014523552138350397,-0.9382995024288203,0.9909116688681343,0.061129816109635166
tyQSX4mY,0.006442035241403718,-0.014523552138350397,-1.3067452048061614,2.6426624948642594,0.4333522194470467
tylKCRc0,0.006442035241403718,-0.014523552138350397,-0.7990404605877041,1.0712144876858307,0.6095192511334816
u1544WUo,0.006442035241403718,-0.014523552138350397,-1.3711068154249175,1.0266592151144138,0.4378632931032669
uAw9an0d,0.006442035241403718,-0.014523552138350397,-1.765377211018893,1.9997400043064126,0.0875490942115208
uLZAEXMG,0.006442035241403718,-0.014523552138350397,-1.7114620622417687,3.2024847387287236,-0.21681274276175527
uMwe1s7I,0.006442035241403718,-0.014523552138350397,-1.2255635146328392,1.0553640849933341,-0.26196549228594657
ufhGeV3q,0.006442035241403718,-0.014523552138350397,-0.6235234521997255,0.3264569221157885,0.3978243046608876
uhAeGBHo,0.006442035241403718,-0.014523552138350397,-0.8536464650520579,-0.061841984870814826,-0.1361575710676789
ujHNlqpw,0.006442035241403718,-0.014523552138350397,0.358979777940211,0.3887241710793976,-0.6110219984644413
ulV6kuhB,0.006442035241403718,-0.014523552138350397,-0.25254011565969703,-0.37420293628103063,0.09312388738361893
uohEnNEK,0.006442035241403718,-0.014523552138350397,-1.0125470199928857,0.6972560158660241,-0.5529221593321868
v1lhA8I4,0.006442035241403718,-0.014523552138350397,-0.2145420031724152,-0.7567790402180261,1.1963808885061777
v3JzigLI,0.006442035241403718,-0.014523552138350397,0.012273689266228363,2.2597336710041374,0.24937817576235022
v5IwjyIg,0.006442035241403718,-0.014523552138350397,-0.6278837106670518,0.6108021904639609,-0.9755906062617008
v6lp5TK1,0.006442035241403718,-0.014523552138350397,-0.5132773174160927,-0.021501383478329084,0.6200757960756017
v8vOaaWq,0.006442035241403718,-0.014523552138350397,-0.5356815705500888,-0.12469593511585919,-0.03012007578750278
vAYKtoil,0.006442035241403718,-0.014523552138350397,-0.24288275486551156,1.2981667851666816,-0.7572253573506009
vGTNQa6G,0.006442035241403718,-0.014523552138350397,0.06192181603726164,-0.20986137088610535,-0.047371811011057974
vQzNxHoL,0.006442035241403718,-0.014523552138350397,-0.6562639858125219,-0.08122329668707917,-0.5168530559568728
vfZGBUJm,0.006442035241403718,-0.014523552138350397,-0.2860724012400637,-0.16206441374423952,-0.1734928411307385
vlooVUoT,0.006442035241403718,-0.014523552138350397,-0.30225148172342564,-0.29615112585424896,-0.36027326306698615
vrACvd4O,0.006442035241403718,-0.014523552138350397,-0.42098138443894106,-0.1297027954526302,-0.3948363794450729
w8hdjLwb,0.006442035241403718,-0.014523552138350397,-0.16169733719019588,-0.2287332086186401,0.339095723454605
wAntv4gH,0.006442035241403718,-0.014523552138350397,0.025763870761683183,-0.04561550571002715,-0.3241496430170666
wIUL09q0,0.006442035241403718,-0.014523552138350397,-0.08322658456675351,0.6543000560470158,0.29739534353550157
wOzx7Fgz,0.006442035241403718,-0.014523552138350397,-0.2879282061618336,0.4081501397113543,-0.37658641032722395
wPhjhCJQ,0.006442035241403718,-0.014523552138350397,-0.1306858862193003,-0.8144659105051285,1.5505703234984518
wQSWWmYB,0.006442035241403718,-0.014523552138350397,-0.15281691716785345,-0.25660067946101905,0.38513013690036363
wdIMrXwy,0.006442035241403718,-0.014523552138350397,-0.32478609700510835,1.1130271123916442,-0.11609970628748534
wiL9npQc,0.006442035241403718,-0.014523552138350397,-0.24074690519313258,-0.48646653704009435,0.7270715567517262
wnU95Cxn,0.006442035241403718,-0.014523552138350397,-0.047114704390384426,1.5793646805080601,-0.27085657415880515
wpJbbjJs,0.006442035241403718,-0.014523552138350397,0.06215028661392663,0.02677396892210715,-0.47026671311804924
wsOWTAbI,0.006442035241403718,-0.014523552138350397,-0.19241967811470828,0.01061772037286235,-0.27502533498115206
wtdBcU3U,0.006442035241403718,-0.014523552138350397,-0.07908973705352701,0.5640428535212505,0.2244672272081061
wuKXVxOc,0.006442035241403718,-0.014523552138350397,-0.1845846083108871,-0.6875475284607688,0.30946072814914904
wyzadAt8,0.006442035241403718,-0.014523552138350397,-0.0985475277206562,-0.8160237273389414,1.7453009141729923
wzaKzYwi,0.006442035241403718,-0.014523552138350397,-0.26198828824697334,-0.6670172492415096,0.05602247187585807
x6GCk4EV,0.006442035241403718,-0.014523552138350397,-0.014915379646640914,-0.6356131708180894,0.3685737732320815
x6lUi3vf,0.006442035241403718,-0.014523552138350397,-0.2009141628549871,0.09610205032611985,-0.7921116307031641
x8mwDHv9,0.006442035241403718,-0.014523552138350397,-0.13088851472734558,-0.37421533123697504,-0.05190328036997313
xIYm6puH,0.006442035241403718,-0.014523552138350397,-1.31257258496261,0.9669141412972924,-0.7433307408603975
xO6UdpsK,0.006442035241403718,-0.014523552138350397,-1.8864394914365357,0.5231416395618129,-0.7405324180170585
xQ2bkOvj,0.006442035241403718,-0.014523552138350397,-1.2477191728438592,3.9337851970223756,-0.5385826654292253
xeXyDCEQ,0.006442035241403718,-0.014523552138350397,-1.5138357044097341,1.057394687826969,-0.5519774730718346
xrggHziO,0.006442035241403718,-0.014523552138350397,-1.7250934321380667,0.8881898155185821,-0.17216479050652317
y1WMCmqQ,0.006442035241403718,-0.014523552138350397,-1.6226000270300478,0.4739768049230235,-0.0760281026520819
yDngezhM,0.006442035241403718,-0.014523552138350397,-0.5025232250917732,4.738900199912779,0.506875908406897
yLiFjMD0,0.006442035241403718,-0.014523552138350397,-0.8324577029180671,0.8030675061224053,0.06264157250537107
ySwEBO7w,0.006442035241403718,-0.014523552138350397,-1.6020904022987248,0.8113715695326449,-0.4464599961963056
ydC9UsSm,0.006442035241403718,-0.014523552138350397,-0.68182549383468,2.3030085356408962,0.06886424613913866
ydEG4VBd,0.006442035241403718,-0.014523552138350397,-1.3915779673988793,0.376481875679781,-0.0030647528263946233
yf76yWXc,0.006442035241403718,-0.014523552138350397,-1.8348725640306007,1.3432352026353547,-0.23815617564230326
yg70e63n,0.006442035241403718,-0.014523552138350397,-1.254972339116109,1.2897008044024374,-0.4652776105606361
ywxtlSKv,0.006442035241403718,-0.014523552138350397,-1.6424637292524251,1.3143668778682414,-0.5965903454235051
yzKPQPOR,0.006442035241403718,-0.014523552138350397,-1.8296571831102466,2.157966952979493,-0.9867962166482627
z5cnOnZ1,0.006442035241403718,-0.014523552138350397,-1.5105127484405725,1.1748444553385293,-0.31660615361429334
zFLkOE0e,0.006442035241403718,-0.014523552138350397,-2.1525782059539,0.17433960493588363,-0.6047970175893513
zGi72mxL,0.006442035241403718,-0.014523552138350397,-1.68134747544156,2.13356738446489,-0.8206879412722785
zN925UV3,0.006442035241403718,-0.014523552138350397,-1.3844859581923163,0.787686969041653,-0.467408376498413
zTy2ih7e,0.006442035241403718,-0.014523552138350397,-1.276882370215861,-0.05334793998325271,0.06548292580704398
zVFzAutw,0.006442035241403718,-0.014523552138350397,-0.7984731083656005,0.47184455708494766,-0.1536764852831234
zYxNAkht,0.006442035241403718,-0.014523552138350397,-0.16218722714259892,3.1725395420485967,0.7643293272003246
zaWDBai3,0.006442035241403718,-0.014523552138350397,-1.2239306970883512,-0.1457852522332248,-0.026613354381809118
zg3u0Zsx,0.006442035241403718,-0.014523552138350397,-1.0872494937377033,0.7158911109940966,-0.4385383730150633
zlwLfdsS,0.006442035241403718,-0.014523552138350397,-1.6727421990407965,1.8775637857237424,-0.9552337750655874
zmbKzVfl,0.006442035241403718,-0.014523552138350397,-1.4823643651767768,0.20189226055717913,-0.3364968488288901
